window,freq,growth
14,window,0.098037182919408
49,window,0.07276411524348436
84,window,0.0671723670669091
