window,freq,growth
14,window,0.09803396003176545
49,window,0.07276500746877201
84,window,0.06717050571295302
