window,freq,growth
14,window,0.14803971791151116
49,window,0.10555767199484678
7,daily,0.09915888871297218
