window,freq,growth
14,window,0.15382584543343092
49,window,0.11112111162492821
7,daily,0.10469400951978214
