window,freq,growth
14,window,0.15382194815667183
49,window,0.11111983423876559
7,daily,0.10468757086798242
