window,freq,count,growth,GLD,BND,IGV,VSLU,VDC,SOCL,IHF,IYZ,XOM
14,window,1,0.1909561895254377,0.6055268267973287,0.3354415884596624,0.0,0.0,0.0590315847430089,0.0,0.0,0.0,0.0
49,window,1,0.10889823812175914,0.8071181575935449,0.05352846849142455,0.0,0.0,0.0,0.0,0.0,0.0,0.1393533739150304
63,window,1,0.08176043584703119,0.6270484431453144,0.03204083042697904,0.0,0.0,0.0,0.001762767260659564,0.0,0.3187408792838946,0.02040707988315226
