window,freq,growth
14,window,0.15382778770369865
49,window,0.11111574589056117
7,daily,0.10468516900614344
