ETF,Strategy,ETF Return,Excess
SPY,0.04811397260398498,0.1348059677657052,-0.08669199516172021
