ETF,Strategy,ETF Return,Excess
SPY,0.20645225274031254,0.39169593733729857,-0.18524368459698604
