ETF,Strategy,ETF Return,Excess
SPY,-0.058288670917258534,0.1348058521879496,-0.19309452310520814
